ts	phase	decision	why	evidence	result
2026-09-11T20:14:23Z	frame	Keep the migration entirely in the dedicated worktree	The user forbids edits to the canonical checkout and live hosts	docs/srv-hatchi/workflow.md	open
2026-09-11T20:14:23Z	source	Replace 17 source services with native modules and delete Portainer	The target removes container administration and replaces Jellyseerr and Nextcloud AIO	https://github.com/RestartDK/homelab/blob/2c70dbecd6f421ba03038b0cc203592149d05a9c/docker-compose.yml	open
2026-09-11T20:15:51Z	baseline	Reuse the passing Darwin traitor check baseline	Prove It Works requires the actual command result rather than an inferred pass	docs/srv-hatchi/validation.md#baseline	VERIFIED; exit 0; Linux checks omitted by platform
2026-09-11T20:15:51Z	runner	Reject OrbStack amd64 NixOS as the local VM runner	OrbStack explicitly rejects this architecture on Apple Silicon	docs/srv-hatchi/validation.md#runner	NOT VERIFIED; exit 1; no machine created
2026-09-11T20:15:51Z	blocker	Return to the parent before architecture or implementation	The child has no subagents tool for mandatory architect candidates and independent review; self-review is not a substitute	docs/srv-hatchi/workflow.md	BLOCKED; no migration implementation or PR
2026-09-11T20:16:55Z	cleanup	Stop the OrbStack service started by discovery	Leave the machine as found; the machine list was empty and creation failed	docs/srv-hatchi/validation.md#runner	VERIFIED; exit 0
2026-09-11T21:08:18Z	synthesis	Implement candidate 2 with every cross-judge graft and rejection	Laziness Protocol keeps native service ownership; Boundary Discipline omits physical authority before commissioning	/tmp/arena-srv-hatchi/cross-judge.md	Parent architecture complete; implementation resumed
2026-09-11T21:08:18Z	source	Correct the inventory to 17 active services and 16 native replacements	Open WebUI is commented out; the earlier 18-service workflow and 17-replacement trail were wrong	https://github.com/RestartDK/homelab/blob/2c70dbecd6f421ba03038b0cc203592149d05a9c/docker-compose.yml	VERIFIED
2026-09-11T21:17:31Z	runner	Run the actual pinned nixos-anywhere VM entrypoint; retain its failure	Prove It Works separates a valid install derivation from an installed VM boot; no Linux builder is configured	/tmp/srv-hatchi-implementation/install-vm-attempt-2.log	NOT VERIFIED; exit 1; x86_64-linux platform mismatch
2026-09-11T21:17:31Z	source	Correct the baseline nixpkgs revision to 93108a538f079596c9a16c72cf03e9322782b6dd	The root lockfile before and after input additions agrees; inherited revision c5c4a43 was wrong although its source path was correct	/tmp/srv-hatchi-implementation/input-facts-2.log	VERIFIED
2026-09-11T21:17:31Z	services	Keep native services with per-owner routes and runtime credential files	Model the Domain uses native option ownership; source network facts stay deferred rather than copied from conflicting historical addresses	/tmp/srv-hatchi-implementation/services-eval.log	VERIFIED evaluation only; service VM pending
2026-09-11T21:46:33Z	deployment	Ship exact-node CLI parsing and an always-rejecting Hachi activation profile	Boundary Discipline validates selectors before launching tools; uncommissioned hardware cannot gain activation authority from a successful build	/tmp/srv-hatchi-implementation/policy-second.log	VERIFIED Darwin parser and renderer checks; Linux activation rejection still pending
2026-09-11T21:46:33Z	deployment	Run the pinned deploy-rs JSON schema validator locally for both node definitions	The upstream schema can run on Darwin without materializing Linux profiles; this does not replace deploy-activate	/tmp/srv-hatchi-implementation/deploy-schema-local.log	VERIFIED schema-only; exit 0
2026-09-11T21:46:33Z	verification	Keep the full production VM and installed-boot test as mandatory Linux CI jobs	Prove It Works rejects Darwin evaluation as a substitute for DNS, proxy, firewall, scraping, and Nextcloud runtime proof	.github/workflows/nix-ci.yml	Configured; Linux VM results NOT VERIFIED
2026-09-11T21:46:34Z	safety	Use structured restore receipts and omit every physical Disko output	Model the Domain separates fresh and restored data; future physical guards remain requirements rather than claimed implementation	docs/srv-hatchi/commissioning.md	Physical authority absent; live restore not performed
2026-09-11T21:53:22Z	verification	Finish Darwin quality, policy, all-system evaluation, and unchanged-input checks	Prove It Works requires executable evidence; Linux build and VM claims remain separate	/tmp/srv-hatchi-implementation/final-safety-facts.log	VERIFIED; exit 0; Linux execution still NOT VERIFIED
2026-09-11T21:53:22Z	handoff	Leave coherent staged implementation for parent-owned Linux execution and independent reviews	The stop condition forbids push or PR submission; no safe Linux executor is configured on this controller	docs/srv-hatchi/validation.md	41 staged files; no commit or deployment
2026-09-11T22:55:59Z	review	Accept every independent review finding; reject none	Pinned NixOS implementations confirm the lifecycle defects; parent owns the independent architecture and code reviews	docs/srv-hatchi/review.md	Corrections implemented; Linux execution remains NOT VERIFIED
2026-09-11T22:55:59Z	credentials	Replace task Python with shell and native systemd credential ownership	Laziness Protocol keeps lifecycle in native modules; Model the Domain retains structured receipts and one atomic qBittorrent merge	hosts/srv-hatchi/services/qbittorrent-config.nix	Local policy passed after correcting merge ordering and explicit credential-length rejection
2026-09-11T22:55:59Z	safety	Remove the generic installer app and preserve activation refusal	The earlier no-installer claim was false while the raw app existed; a zero-argument wrapper now fixes the selector and VM-only mode	tests/srv-hatchi/install-vm.nix	Actual app rejected store paths with exit 2; no upstream invocation
2026-09-11T22:55:59Z	verification	Keep Linux closures and VM claims unverified	Prove It Works does not substitute Darwin evaluation for runtime; no configured Linux builder exists and OrbStack emulation is already ruled out	/tmp/srv-hatchi-fixes/runner.log	No Linux run, live host access, or deployment attempted
2026-09-11T23:01:34Z	verification	Bind route coverage to the independent inventory and distinct fixture identities	Model the Domain keeps a fixed 17-source and 16-replacement oracle separate from production routes; Prove It Works requires per-service evidence	tests/srv-hatchi/services.nix	Pinned source and static checks pass; Linux runtime assertions NOT VERIFIED
2026-09-11T23:01:34Z	verification	Use evaluated testScriptString for both inline driver syntax checks	Pinned testScript.nix exposes the final string after applying the function-valued Disko test; the first diagnostic selected the wrong value	/tmp/srv-hatchi-fixes/inline-drivers-corrected.log	VERIFIED syntax only; exit 0
2026-09-11T23:02:11Z	handoff	Finish the review corrections with local checks passing and no task Python files	Prove It Works records exact local results without claiming Linux runtime success; Self-Explaining Code uses assertions instead of narrating comments	/tmp/srv-hatchi-fixes/final-local.log	VERIFIED local checks; no commit, push, deployment, or live access; Linux verification blocked
2026-09-11T23:20:07Z	pickup	Review every staged file directly and rerun local checks without subagents	The user requires GPT-6 Astra xhigh only and rejects inherited claims without inspection	docs/srv-hatchi/review.md	VERIFIED local policy, app rejection, immutable pins, traitor check, all-output evaluation, and driver syntax; Linux pending
2026-09-11T23:20:07Z	runner	Use the existing GitHub workflow dispatch for x86 Linux/KVM proof	ARM Darwin has no configured Linux builder; the user authorizes disposable hosted verification only	.github/workflows/nix-ci.yml	GitHub authentication and workflow availability confirmed; Linear disconnected
2026-09-12T00:12:30Z	hosted	Accept the installed bootstrap VM pass and retain both failed jobs	The actual hosted commands distinguish installed boot from unevaluated production behavior	https://github.com/RestartDK/dotfiles/actions/runs/34657739803	Install and Darwin pass; Linux policy and production service VM fail
2026-09-12T00:12:30Z	fix	Move the test media mount to virtualisation.fileSystems and package the policy stub	Fix Root Causes uses native QEMU filesystem ownership and a pinned sandbox interpreter; admission and parser assertions stay unchanged	docs/srv-hatchi/validation.md#hosted-run-34657739803	Before/after mount evaluation and local traitor checks pass; hosted rerun pending
2026-09-12T00:30:12Z	fix	Generate the synthetic Glance key with its pinned native CLI and test its decoded length	The service VM rejected arbitrary fixture text as invalid base64; the native key is exactly 64 bytes	https://github.com/RestartDK/dotfiles/actions/runs/34660883503/job/103462953225	Fixture regenerated without printing its value; Nextcloud initialization observed, full service assertions still pending
2026-09-12T00:30:12Z	throughput	Add a services-only manual diagnostic dispatch without changing mandatory PR jobs	A failed service test can advance while the independent full deploy-profile build finishes; final verification still requires all jobs	.github/workflows/nix-ci.yml	Focused manual runs are diagnostic only; pull requests and pushes always run every job
